IDX,Station,Inc,Cost,Constraint_original,Availability,LATITUDE,LONGITUDE
0,7TH STANDARD,16891,940000000,Midway-Q2005 230kV Line,0,35.439607,-119.130998
1,ALPAUGH,16891,940000000,Midway-Q2005 230kV Line,0,35.96334744,-119.4568173
2,ALPINE,431,671054000,Miguel 69 kV constraint,0,32.82773375,-116.7899086
3,ARCO (PGE),16891,940000000,Midway-Q2005 230kV Line,0,35.77560246,-119.9134763
4,ASHLAN AVE,0,0,Moss Landing-Las Aguilas 230 kV Line,0,36.79278344,-119.8280253
5,ATLANTIC,574,0,Rio Oso-Brighton 230kV line,0,38.76349077,-121.263943
6,BAHIA,1766,700000000,Birds Landing-Contra Costa 230kV Line,0,38.08092514,-122.1373611
7,BAILEY,2000,100000000,Antelope-Neenach Constraint,0,34.77647374,-118.7744353
8,BAKERSFIELD,16891,940000000,Midway-Q2005 230kV Line,0,35.38749714,-119.0044816
9,BEATTTY,1367,379130030.5,VEA 138kV area constraint,0,36.544365,-116.463194
10,BELDEN,707,125000000,Rocklin-Pleaseant grove 115kV line,0,40.0074534,-121.2507257
11,BOGUE,109,9329000,Woodland- Davis 115kV line,0,39.09590648,-121.6239738
12,BORDEN,0,0,Moss Landing-Las Aguilas 230 kV Line,0,36.92214939,-119.9845031
13,BRENT,6034,417332000,Windmaster-Delta pumps 230 kV line,0,37.91901726,-121.6767877
14,BRIGHTON,8645,2851848000,Vaca Dixon-Tesla 500kV Line,0,38.54821672,-121.4078353
15,CABRILLO (PGE),784,150000000,Midway 230/115kV TB #3,0,32.7074726,-117.245084
16,CAL FLATS,16891,940000000,Midway-Q2005 230kV Line,0,35.864002,-120.310925
17,CALIENTE,16891,940000000,Midway-Q2005 230kV Line,0,35.37899068,-119.9170477
18,CALLENDER,16891,940000000,Midway-Q2005 230kV Line,0,35.04694458,-120.5861898
19,CARBERRY,8645,2851848000,Vaca Dixon-Tesla 500kV Line,0,40.85918576,-121.7528676
20,CASTRO VALLEY,6034,417332000,Windmaster-Delta pumps 230 kV line,0,37.69140915,-122.0611906
21,CAYETANO,6034,417332000,Windmaster-Delta pumps 230 kV line,0,37.73861432,-121.7710098
22,CHARCA,637,760000000,Semitropic-Midway 115kV Line,0,35.60823658,-119.3252
23,CHARLESTON PARK,1285,356387775.6,GLW 230kV area constraint,0,36.197622,-116.105
24,CHICARITA,936,259594519.8,Internal San Diego Area constraint,0,32.958287,-117.108885
25,CHOWCHILLA,16891,940000000,Midway-Q2005 230kV Line,0,37.12070819,-120.250748
26,CHRISTIE,6034,417332000,Windmaster-Delta pumps 230 kV line,0,38.00283333,-122.208258
27,CLOVERDALE,1766,700000000,Birds Landing-Contra Costa 230kV Line,0,38.79712201,-123.0102504
28,COBURN,0,0,Moss Landing-Las Aguilas 230 kV Line,0,36.26523967,-121.1458637
29,COLORADO RIVER,5000,1386722862,Devers-Red Bluff Constraint,0,33.58089849,-114.8171807
30,CONTRA COSTA POWER,6034,417332000,Windmaster-Delta pumps 230 kV line,0,38.01525795,-121.7622225
31,CONTROL,186,329000000,Control to Inyokern area constraint,0,37.33594572,-118.4811481
32,COOL WATER,1206,334477554.3,Kramer to Victor Area Constraint,0,34.86319776,-116.8541777
33,CORCORAN,0,0,Moss Landing-Las Aguilas 230 kV Line,0,36.10943983,-119.5571964
34,CORONA (PGE),861,0,Lakeville-Ignacio 230 kV line,0,38.26506019,-122.657312
35,CORTINA,1766,700000000,Birds Landing-Contra Costa 230kV Line,0,39.12057489,-122.2234251
36,COTTLE,2019,0,Panoche- Mendota 115 kV line,0,37.77265525,-120.8263678
37,CREELMAN,431,671054000,Miguel 69 kV constraint,0,33.01805902,-116.8530307
38,DAIRYLAND,358,125000000,Merced 115/70kV TB#2,0,37.05489655,-120.3167696
39,DAVIS (PGE),109,9329000,Woodland- Davis 115kV line,0,38.54519129,-121.7341065
40,DELEVAN,1766,700000000,Birds Landing-Contra Costa 230kV Line,0,39.36840805,-122.2693177
41,DESERT VIEW,1285,356387775.6,GLW 230kV area constraint,0,36.304525,-115.533555
42,DIABLO CANYON,4125,830000000,Diabloâ€“Gates 500 kV line,0,35.2163749,-120.8472688
43,DRUM,480,185000000,Bell-Placer 115kV Line,0,39.25675761,-120.7667838
44,DUMBARTON,978,271242991.8,Dumbarton-Newark 115 kV line,0,37.55706823,-122.057873
45,EAGLE ROCK (PGE),1766,700000000,Birds Landing-Contra Costa 230kV Line,0,38.82897905,-122.8100864
46,EAST NICOLAUS,109,9329000,Woodland- Davis 115kV line,0,38.90973397,-121.5424835
47,EASTSHORE,548,0,Eastshore-San Mateo 230 kV line,0,37.62511419,-122.1165693
48,EAST COUNTY,2823,782943728,East of Miguel constraint,0,32.6272724,-116.1178761
49,EDES,290,125000000,Grant - Eastshore #2 line 115 kV,0,37.73868387,-122.1938003
50,EL CAJON,431,671054000,Miguel 69 kV constraint,0,32.79525278,-116.9727194
51,ELLIOTT,936,259594519.8,Internal San Diego Area constraint,0,32.8158917,-117.0884865
52,ENCINA,746,206899051,Encina - San Luis Rey 230 kV constraint,0,33.13723028,-117.3354712
53,ESCONDIDO,936,259594519.8,Internal San Diego Area constraint,0,33.125878,-117.1166659
54,EXCELSIOR,0,0,Moss Landing-Las Aguilas 230 kV Line,0,36.427716,-120.386337
55,EXCHEQUER,0,0,Moss Landing-Las Aguilas 230 kV Line,0,37.58422176,-120.2725809
56,FAMOSO,637,760000000,Semitropic-Midway 115kV Line,0,35.60510349,-119.2035329
57,FIG GARDEN,0,0,Moss Landing-Las Aguilas 230 kV Line,0,36.82182409,-119.8587935
58,FULTON (PGE),1766,700000000,Birds Landing-Contra Costa 230kV Line,0,38.49766912,-122.7606937
59,GAMEBIRD,1285,356387775.6,GLW 230kV area constraint,0,36.005575,-115.60564
60,GATES,16891,940000000,Midway-Q2005 230kV Line,0,36.14232775,-120.1287522
61,GEYSERS 3,1766,700000000,Birds Landing-Contra Costa 230kV Line,0,38.80570019,-122.8149473
62,GLENN (PGE),1766,700000000,Birds Landing-Contra Costa 230kV Line,0,39.77781273,-122.1427555
63,GOLD HILL,707,125000000,Rocklin-Pleaseant grove 115kV line,0,38.65755743,-121.1368329
64,GOLETA,2000,4358000000,South of Magunden Constraint,0,34.46920287,-119.8844193
65,GRANT,6034,417332000,Windmaster-Delta pumps 230 kV line,0,37.6714782,-122.1596296
66,GREGG,0,0,Moss Landing-Las Aguilas 230 kV Line,0,36.85330295,-119.9170035
67,GRIMMWAY-MALAGA,637,760000000,Semitropic-Midway 115kV Line,0,35.24731208,-118.8609024
68,GWF 2,0,0,Moss Landing-Las Aguilas 230 kV Line,0,38.01604449,-121.8607166
69,HELM,0,0,Moss Landing-Las Aguilas 230 kV Line,0,36.59162546,-120.176288
70,HENRIETTA,0,0,Moss Landing-Las Aguilas 230 kV Line,0,36.24213087,-119.9028224
71,HERNDON,0,0,Moss Landing-Las Aguilas 230 kV Line,0,36.84478476,-119.9221845
72,HIGGINS,574,0,Rio Oso-Brighton 230kV line,0,39.04389408,-121.0907025
73,HOPLAND,50,50000000,Cortina-Eagle Rock 115 kV line,0,38.97281703,-123.0811094
74,IGNACIO,50,50000000,Cortina-Eagle Rock 115 kV line,0,38.07742858,-122.5409276
75,IMPERIAL VALLEY,2823,782943728,East of Miguel constraint,0,32.71761928,-115.7155325
76,INNOVATION,1285,356387775.6,GLW 230kV area constraint,0,36.58936,-116.107721
77,INYOKERN,186,329000000,Control to Inyokern area constraint,0,35.65256911,-117.7958411
78,IVANPAH,6800,2165000000,Lugo - Victorville area constraint,0,35.54436013,-115.4689045
79,JESSUP,8645,2851848000,Vaca Dixon-Tesla 500kV Line,0,40.46175716,-122.3277823
80,JULIAN HINDS,600,1182000000,Eagle Mountain Constraint,0,33.70458009,-115.6265864
81,KEARNEY,16891,940000000,Midway-Q2005 230kV Line,0,32.83281863,-117.131872
82,KELSO,6034,417332000,Windmaster-Delta pumps 230 kV line,0,37.79745501,-121.6033002
83,KERN OIL,637,760000000,Semitropic-Midway 115kV Line,0,35.44067972,-119.0205374
84,KERN,16891,940000000,Midway-Q2005 230kV Line,0,35.37940395,-119.0970861
85,KIRKER,978,271242991.8,Dumbarton-Newark 115 kV line,0,38.02083912,-121.9059108
86,KRAMER,1206,334477554.3,Kramer to Victor Area Constraint,0,34.98913933,-117.5425031
87,LAKEVIEW,16891,940000000,Midway-Q2005 230kV Line,0,35.09416069,-119.1010712
88,LAKEVILLE,861,0,Lakeville-Ignacio 230 kV line,0,38.25090716,-122.5812294
89,LAMBIE,1766,700000000,Birds Landing-Contra Costa 230kV Line,0,38.22142226,-121.8669673
90,LAMONT,16891,940000000,Midway-Q2005 230kV Line,0,35.29687891,-118.86144
91,LAS AGUILAS,0,0,Moss Landing-Las Aguilas 230 kV Line,0,36.769902,-121.306579
92,LATHROP,1367,379130030.5,VEA 138kV area constraint,0,36.653826,-116.396571
93,LE GRAND,0,0,Moss Landing-Las Aguilas 230 kV Line,0,37.18493674,-120.2739328
94,LERDO,637,760000000,Semitropic-Midway 115kV Line,0,35.50035218,-119.1519621
95,LINCOLN (PGE),109,9329000,Woodland- Davis 115kV line,0,38.9005354,-121.2941438
96,LLAGAS,712,380000000,Morganhill-Metcalf 115kV Line,0,37.00726767,-121.5573085
97,LOGAN CREEK,1766,700000000,Birds Landing-Contra Costa 230kV Line,0,39.53951651,-122.2629945
98,LONE TREE,6034,417332000,Windmaster-Delta pumps 230 kV line,0,37.94614381,-121.7598214
99,LOS ESTEROS,348,96515911.21,Los Esteros-Silicon Valley 230 kV,0,37.42737416,-121.9329426
100,LAS POSITAS,6034,417332000,Windmaster-Delta pumps 230 kV line,0,37.70076474,-121.7333187
101,LOVELAND,431,671054000,Miguel 69 kV constraint,0,32.7969521,-116.7922452
102,MADISON (PGE),1766,700000000,Birds Landing-Contra Costa 230kV Line,0,38.67068357,-121.9693039
103,MAGUNDEN,2000,4358000000,South of Magunden Constraint,0,35.36114799,-118.9219285
104,MANTECA,1255,1700000000,Kasson Jct-Heinz 115 kV line,0,37.80126059,-121.2239269
105,MARTIN,653,0,Sobrante-Moraga 230 kV line,0,37.70370627,-122.4094698
106,MARTINEZ,978,271242991.8,Dumbarton-Newark 115 kV line,0,38.01494692,-122.116201
107,MCCALL,16891,940000000,Midway-Q2005 230kV Line,0,36.61080379,-119.6390908
108,MENDOCINO,1766,700000000,Birds Landing-Contra Costa 230kV Line,0,39.25055841,-123.1964376
109,MENDOTA,0,0,Moss Landing-Las Aguilas 230 kV Line,0,36.72037815,-120.4587946
110,MERCED (PGE),16891,940000000,Midway-Q2005 230kV Line,0,37.27331164,-120.487316
111,MESA (N),16891,940000000,Midway-Q2005 230kV Line,0,35.00857958,-120.4530486
112,MESA (SCE),1058,11000000,Del Amo - Barre Area Constraint,0,34.03704643,-118.1103667
113,MIDWAY,8379,214062000,Gates-Panoche 230 kV #1 and #2 Lines,0,35.40387474,-119.4521684
114,MIDWAY,8379,214062000,Gates-Panoche 230 kV #1 and #2 Lines,0,33.19239546,-115.4344033
115,MIGUEL,431,671054000,Miguel 69 kV constraint,0,32.6796375,-116.9841846
116,MIRAGE,5000,1386722862,Devers-Red Bluff Constraint,0,33.81844345,-116.3697227
117,MISSION,936,259594519.8,Internal San Diego Area constraint,0,32.78390712,-117.1371831
118,MOHAVE,6800,2165000000,Lugo - Victorville area constraint,0,35.144827,-114.553482
119,MOORPARK,2000,4358000000,South of Magunden Constraint,0,34.28085446,-118.9031741
120,MORAGA,6034,417332000,Windmaster-Delta pumps 230 kV line,0,37.84789177,-122.1606837
121,MORGAN HILL,712,380000000,Morganhill-Metcalf 115kV Line,0,37.12666908,-121.6589153
122,MORRO BAY,16891,940000000,Midway-Q2005 230kV Line,0,35.37339038,-120.8551307
123,MUSTANG,0,0,Moss Landing-Las Aguilas 230 kV Line,0,36.255598,-119.887776
124,NEWARK,653,0,Sobrante-Moraga 230 kV line,0,37.50072034,-121.985682
125,NORTH CITY WEST,936,259594519.8,Internal San Diego Area constraint,0,32.95874734,-117.2207141
126,NORTH DUBLIN,6034,417332000,Windmaster-Delta pumps 230 kV line,0,37.74488621,-121.8578867
127,OAKLAND C,6034,417332000,Windmaster-Delta pumps 230 kV line,0,37.79791977,-122.2820704
128,OAKLAND I,8645,2851848000,Vaca Dixon-Tesla 500kV Line,0,37.7975518,-122.280834
129,OCEANO,784,150000000,Midway 230/115kV TB #3,0,35.10152776,-120.5811507
130,OCOTILLO,2823,782943728,East of Miguel constraint,0,32.737412,-116.004962
131,OLD TOWN,746,206899051,Encina - San Luis Rey 230 kV constraint,0,32.76611049,-117.1922795
132,OLIVE,16891,940000000,Midway-Q2005 230kV Line,0,34.30784674,-118.4505666
133,OTAY,431,671054000,Miguel 69 kV constraint,0,32.59531954,-117.0578292
134,OTAY MESA,4754,29971000,Silvergate - Bay Blvd 230 kV constraint,0,32.57406801,-116.9113836
135,PADRE FLATS,0,0,Moss Landing-Las Aguilas 230 kV Line,0,36.022522,-121.177571
136,PAHRUMP,1367,379130030.5,VEA 138kV area constraint,0,36.210854,-115.977461
137,PALA,692,28300000,Ocean Ranch 69 kV constraint,0,33.355857,-117.112315
138,PALERMO,707,125000000,Rocklin-Pleaseant grove 115kV line,0,39.45426599,-121.5178598
139,PALOMAR,936,259594519.8,Internal San Diego Area constraint,0,33.12287041,-117.2879398
140,PANOCHE,16891,940000000,Midway-Q2005 230kV Line,0,36.65333066,-120.5823862
141,PARDEE (SCE),2000,4358000000,South of Magunden Constraint,0,34.43976899,-118.5817125
142,PARKWAY,6034,417332000,Windmaster-Delta pumps 230 kV line,0,38.493819,-121.4526036
143,PASTORIA,2000,100000000,Antelope-Neenach Constraint,0,34.93534855,-118.8429363
144,PEABODY,1766,700000000,Birds Landing-Contra Costa 230kV Line,0,38.28543602,-121.9705054
145,PEASE,707,125000000,Rocklin-Pleaseant grove 115kV line,0,39.16997119,-121.6612033
146,PENASQUITOS,746,206899051,Encina - San Luis Rey 230 kV constraint,0,32.91704603,-117.2192968
147,PISGAH,1046,239000000,Calcite to Lugo Area Constraint,0,34.78155985,-116.3847412
148,PIT 1,26,180000000,Carberry-Round Mountain 230kV Line,0,40.99122753,-121.4978619
149,ROUND MOUNTAIN,26,180000000,Carberry-Round Mountain 230kV Line,0,40.80800054,-121.9356245
150,PITTSBURG,6034,417332000,Windmaster-Delta pumps 230 kV line,0,38.03696944,-121.8967951
151,PLEASANT GROVE,574,0,Rio Oso-Brighton 230kV line,0,38.82272822,-121.3082446
152,POINT LOMA,936,259594519.8,Internal San Diego Area constraint,0,32.74143976,-117.23342
153,POMERADO,936,259594519.8,Internal San Diego Area constraint,0,32.94131718,-117.0328014
154,PRIMM,6800,2165000000,Lugo - Victorville area constraint,0,35.616496,-115.362764
155,PUTAH CREEK,1766,700000000,Birds Landing-Contra Costa 230kV Line,0,38.5230576,-121.9944259
156,RECTOR,2000,4358000000,South of Magunden Constraint,0,36.30387459,-119.2443213
157,RED BLUFF,5000,1386722862,Devers-Red Bluff Constraint,0,33.69874273,-115.3116675
158,RICHMOND Q,6034,417332000,Windmaster-Delta pumps 230 kV line,0,37.92617516,-122.3695789
159,RIO OSO,109,9329000,Woodland- Davis 115kV line,0,38.93519967,-121.4667925
160,ROSSMOOR,6034,417332000,Windmaster-Delta pumps 230 kV line,0,37.8646817,-122.0804418
161,ROUND MOUNTAIN,8645,2851848000,Vaca Dixon-Tesla 500kV Line,0,40.80800054,-121.9356245
162,SALT CREEK,431,671054000,Miguel 69 kV constraint,0,32.6284,-116.933075
163,SAN LEANDRO U,290,125000000,Grant - Eastshore #2 line 115 kV,0,37.7105722,-122.1486701
164,SAN LUIS OBISPO,784,150000000,Midway 230/115kV TB #3,0,35.26168261,-120.6348902
165,SAN PABLO,290,125000000,Grant - Eastshore #2 line 115 kV,0,37.98522446,-122.3368175
166,SAN RAMON,6034,417332000,Windmaster-Delta pumps 230 kV line,0,37.74492955,-121.9364113
167,SANDLOT,1206,334477554.3,Kramer to Victor Area Constraint,0,34.99708326,-117.3031575
168,SANDY VALLEY,1285,356387775.6,GLW 230kV area constraint,0,36.033659,-115.387648
169,SANGER,16891,940000000,Midway-Q2005 230kV Line,0,36.70730241,-119.6107512
170,SANTA CLARA,2000,4358000000,South of Magunden Constraint,0,34.30232428,-119.1853321
171,SANTA ROSA,861,0,Lakeville-Ignacio 230 kV line,0,37.63492167,-120.979524
172,SANTEE (SDGE),936,259594519.8,Internal San Diego Area constraint,0,32.85439899,-116.9683756
173,SCHINDLER,0,0,Moss Landing-Las Aguilas 230 kV Line,0,36.40207597,-120.1385628
174,SEMITROPIC,16891,940000000,Midway-Q2005 230kV Line,0,35.60079937,-119.4375746
175,SHADOWRIDGE,936,259594519.8,Internal San Diego Area constraint,0,33.14145621,-117.2388333
176,SHAFTER,16891,940000000,Midway-Q2005 230kV Line,0,35.51394301,-119.3175207
177,SILVERADO,50,50000000,Cortina-Eagle Rock 115 kV line,0,38.49982361,-122.4592018
178,SILVERGATE,936,259594519.8,Internal San Diego Area constraint,0,32.694643,-117.143575
179,SISQUOC,784,150000000,Midway 230/115kV TB #3,0,34.87850521,-120.3306862
180,SLOAN CANYON,1285,356387775.6,GLW 230kV area constraint,0,35.497393,-115.041205
181,SMYRNA,16891,940000000,Midway-Q2005 230kV Line,0,35.71791833,-119.4553564
182,SOBRANTE,6034,417332000,Windmaster-Delta pumps 230 kV line,0,37.90565009,-122.2084971
183,SOLAR,16891,940000000,Midway-Q2005 230kV Line,0,35.38225486,-120.0598999
184,SPRINGVILLE,2000,4358000000,South of Magunden Constraint,0,36.10795523,-118.9380761
185,STOCKDALE,16891,940000000,Midway-Q2005 230kV Line,0,35.3170815,-119.067683
186,SUNCREST,700,100000000,Chicarita 138 kV constraint,0,32.80835987,-116.6832914
187,CRESTWOOD,2823,782943728,East of Miguel constraint,0,32.69900529,-116.3537982
188,SYCAMORE CANYON,700,100000000,Chicarita 138 kV constraint,0,32.91763164,-117.0307143
189,TABLE MT.,8645,2851848000,Vaca Dixon-Tesla 500kV Line,0,39.55512789,-121.6447972
190,TAFT,16891,940000000,Midway-Q2005 230kV Line,0,35.13602218,-119.4820001
191,TASSAJARA,6034,417332000,Windmaster-Delta pumps 230 kV line,0,37.80003483,-121.9077024
192,TEMBLOR,784,150000000,Midway 230/115kV TB #3,0,35.38275365,-119.6962081
193,TEMPLETON,16891,940000000,Midway-Q2005 230kV Line,0,35.55520012,-120.6804021
194,TEVIS,16891,940000000,Midway-Q2005 230kV Line,0,35.3194766,-119.1288705
195,TORTILLA,1206,334477554.3,Kramer to Victor Area Constraint,0,34.86319211,-117.030916
196,CRAZY EYES,1285,356387775.6,GLW 230kV area constraint,0,36.13437,-115.743082
197,TULUCAY,861,0,Lakeville-Ignacio 230 kV line,0,38.24787312,-122.2679463
198,TUPMAN,16891,940000000,Midway-Q2005 230kV Line,0,35.35407906,-119.2707276
199,UKIAH,50,50000000,Cortina-Eagle Rock 115 kV line,0,39.14419026,-123.1980534
200,VACA-DIXON,16891,940000000,Midway-Q2005 230kV Line,0,38.40101426,-121.9207606
201,VALLEY (VEA),1367,379130030.5,VEA 138kV area constraint,0,34.18594776,-118.3473241
202,VALLEY SWITCH,1367,379130030.5,VEA 138kV area constraint,0,36.567509,-116.387685
203,VESTAL,2000,4358000000,South of Magunden Constraint,0,35.8417458,-119.0847234
204,VINEYARD,6034,417332000,Windmaster-Delta pumps 230 kV line,0,37.66975268,-121.8544476
205,VISTA (VEA),1367,379130030.5,VEA 138kV area constraint,0,36.47974,-115.873583
206,WEST FRESNO,16891,940000000,Midway-Q2005 230kV Line,0,36.71831777,-119.8187466
207,WEST PARK,637,760000000,Semitropic-Midway 115kV Line,0,35.37408196,-119.0402296
208,WHEELER RIDGE,16891,940000000,Midway-Q2005 230kV Line,0,35.08906472,-118.9763096
209,WILSON,16891,940000000,Midway-Q2005 230kV Line,0,37.29282854,-120.4073943
210,WINDHUB,2500,612000000,Windhub Constraint,0,35.03503854,-118.2807321
211,WYANDOTTE,707,125000000,Rocklin-Pleaseant grove 115kV line,0,39.49160901,-121.5409682
212,BOULEVARD,4754,29971000,Silvergate - Bay Blvd 230 kV constraint,0,32.66170965,-116.2732787
213,BELLVUE,861,0,Lakeville-Ignacio 230 kV line,0,38.37891989,-122.7126931
214,BIG CREEK 1,2000,4358000000,South of Magunden Constraint,0,37.14825235,-119.3885115
215,BIRDS LANDING,1766,700000000,Birds Landing-Contra Costa 230kV Line,0,38.1247053,-121.8301547
216,CARIBOU,707,125000000,Rocklin-Pleaseant grove 115kV line,0,40.08604328,-121.1483807
217,COLGATE,707,125000000,Rocklin-Pleaseant grove 115kV line,0,39.33111458,-121.1897057
218,COTTONWOOD,26,180000000,Carberry-Round Mountain 230kV Line,0,40.393162,-122.283
219,ELDORADO,5000,1386722862,Devers-Red Bluff Constraint,0,38.795888,-120.592309
220,ARTESIAN (SDGE),936,259594519.8,Internal San Diego Area constraint,0,33.024211,-117.135365
221,COLLINSVILLE,16891,940000000,Midway-Q2005 230kV Line,0,38.080426,-121.850631
222,FAIRWAY (PGE),16891,940000000,Midway-Q2005 230kV Line,0,40.784985,-124.212521
223,PLACERVILLE,574,0,Rio Oso-Brighton 230kV line,0,38.901542,-121.085933
224,THOUSANDAIRE,1285,356387775.6,GLW 230kV area constraint,0,36.13052,-115.951569
225,WOODLAND (PGE),109,9329000,Woodland- Davis 115kV line,0,38.671837,-121.746237
226,MI-WUK,1255,1700000000,Kasson Jct-Heinz 115 kV line,2.08,38.05291446,-120.2171181
227,AVOCADO,936,259594519.8,Internal San Diego Area constraint,5.71,33.38466007,-117.236975
228,CROW CREEK SW STA,74,400000000,Salado-Crow Creek Sw Sta 60 kV line,14.15,37.46184,-121.033088
229,SAN JOSE STA. B,712,380000000,Morganhill-Metcalf 115kV Line,21.94,37.34091732,-121.9017027
230,EL PATIO,712,380000000,Morganhill-Metcalf 115kV Line,27.69,37.29186779,-121.9341028
231,VIERRA,1255,1700000000,Kasson Jct-Heinz 115 kV line,29.31,37.79788174,-121.2741958
232,EVERGREEN (PGE),712,380000000,Morganhill-Metcalf 115kV Line,30.89,37.30315012,-121.8410128
233,WEBER,460,400000000,Bellota-Weber 230kV line,34.73,37.91997969,-121.2403305
234,CURTIS,1255,1700000000,Kasson Jct-Heinz 115 kV line,35.36,37.97446695,-120.3199179
235,RIPON,1255,1700000000,Kasson Jct-Heinz 115 kV line,35.84,37.7557934,-121.1464864
236,MONTA VISTA,653,0,Sobrante-Moraga 230 kV line,40.07,37.32408976,-122.0730733
237,ETIWANDA,3350,89000000,Etiwanda-Rancho Vista Constraint,44.47,34.08898695,-117.5268557
238,FMC,712,380000000,Morganhill-Metcalf 115kV Line,46.77,37.34731678,-121.9219838
239,SCHULTE,707,125000000,Rocklin-Pleaseant grove 115kV line,50.09,37.739705,-121.51923
240,LAMMERS,1255,1700000000,Kasson Jct-Heinz 115 kV line,51.72,37.71312747,-121.4779705
241,GREEN VALLEY (PGE),712,380000000,Morganhill-Metcalf 115kV Line,53.25,36.95202198,-121.7602601
242,VALLEY HOME,1255,1700000000,Kasson Jct-Heinz 115 kV line,54.42,37.85642348,-120.9444414
243,FROGTOWN,1255,1700000000,Kasson Jct-Heinz 115 kV line,58.4,38.05713422,-120.5340177
244,EAGLE MT,600,1182000000,Eagle Mountain Constraint,72.21,33.81083629,-115.4537311
245,MELONES (PGE),1255,1700000000,Kasson Jct-Heinz 115 kV line,73.28,37.94450442,-120.5363985
246,KASSON,70,0,Tesla-Salado 115 kV line,82.01,37.74580851,-121.3413566
247,METCALF 1,712,380000000,Morganhill-Metcalf 115kV Line,84.74,37.230848,-121.748056
248,SANTA TERESA,300,0,Tesla-Bellota 230 kV line,84.74,37.239629,-121.759175
249,SARATOGA,653,0,Sobrante-Moraga 230 kV line,85.3,37.28105051,-122.0153074
250,SALADO,1255,1700000000,Kasson Jct-Heinz 115 kV line,85.89,37.42190248,-121.147546
251,BLYTHE,2823,782943728,East of Miguel constraint,92.43,33.60623703,-114.5997954
252,SAN BERNARDINO,3350,89000000,Etiwanda-Rancho Vista Constraint,93.82,34.079877,-117.23829
253,VASONA,6034,417332000,Windmaster-Delta pumps 230 kV line,97.28,37.25387911,-121.9663367
254,PIERCY,712,380000000,Morganhill-Metcalf 115kV Line,111.53,37.26912196,-121.7872774
255,HICKS,300,0,Tesla-Bellota 230 kV line,112.43,37.23371427,-121.9010142
256,EL CASCO,3350,89000000,Etiwanda-Rancho Vista Constraint,112.99,33.96635743,-117.0774516
257,RIVERBANK,1255,1700000000,Kasson Jct-Heinz 115 kV line,113.44,37.76912798,-120.9080989
258,VISTA (SCE),3350,89000000,Etiwanda-Rancho Vista Constraint,114.66,34.04143737,-117.3192835
259,TRACY (PGE),16891,940000000,Midway-Q2005 230kV Line,122.71,37.79888323,-121.5790798
260,LOCKEFORD,460,400000000,Bellota-Weber 230kV line,168.63,38.11782092,-121.1603301
261,VALLEY (SCE),3350,89000000,Etiwanda-Rancho Vista Constraint,183.84,33.73893408,-117.1566561
262,EIGHT MILE,574,0,Rio Oso-Brighton 230kV line,186.63,38.05878663,-121.3768386
263,ROADWAY,1206,334477554.3,Kramer to Victor Area Constraint,194.48,34.57617027,-117.4132184
264,ROADWAY,1206,334477554.3,Kramer to Victor Area Constraint,194.48,34.57617027,-117.4132184
265,TRABUCO,556,103366000,Trabuco-Capistrano 138 kV constraint,199.04,33.56290743,-117.6735588
266,DEVERS,3350,89000000,Etiwanda-Rancho Vista Constraint,202.87,33.93907942,-116.5777334
267,MOSS LANDING,16891,940000000,Midway-Q2005 230kV Line,208.87,36.80736089,-121.7796791
268,BELLOTA,2019,0,Panoche- Mendota 115 kV line,235.3,38.01554042,-121.0137734
269,MARGARITA,556,103366000,Trabuco-Capistrano 138 kV constraint,248.08,33.54973496,-117.6280759
270,LUGO,0,0,SCE Metro Area Default Constraint,262.04,34.36669147,-117.368744
271,LUGO,1178,326711906.3,Lugo Transformer Area Constraint,262.04,34.36669147,-117.368744
272,VICTOR,1221,338637722.9,Victor to Lugo Area Constraint,263.27,34.50431868,-117.3886273
273,TESLA,831,0,Newark-Newark Distribution 115 kV line,270.83,37.71242814,-121.564928
274,RANCHO MISSION VIEJO,556,103366000,Trabuco-Capistrano 138 kV constraint,290.75,33.52639923,-117.5988588
275,DIXON LANDING,300,0,Tesla-Bellota 230 kV line,292.42,37.45754565,-121.9213262
276,COYOTE,300,0,Tesla-Bellota 230 kV line,315.99,37.15819833,-121.6376102
277,STANISLAUS RECOVERY,16891,940000000,Midway-Q2005 230kV Line,446.6,37.38596101,-121.140682
278,TALEGA,556,103366000,Trabuco-Capistrano 138 kV constraint,486.39,33.453118,-117.571533
279,LOS BANOS,16891,940000000,Midway-Q2005 230kV Line,493.75,37.0530644,-121.0216989
280,QUINTO,4931,0,Los Banos 500/230kV TB,493.77,37.102976,-121.0258
281,CAPISTRANO,556,103366000,Trabuco-Capistrano 138 kV constraint,494.03,33.51252754,-117.665582
282,WALNUT,1058,11000000,Del Amo - Barre Area Constraint,506.13,34.00812595,-117.9498067
283,WHIRLWIND,1500,13200000,Antelope-Vincent Constraint,532.44,34.85815427,-118.4371237
284,STAGG,4931,0,Los Banos 500/230kV TB,540.09,37.99220639,-121.3484564
285,ANTELOPE,2000,100000000,Antelope-Neenach Constraint,586.02,34.68641115,-118.2986931
286,ALAMITOS,800,28000000,Hinson - Del Amo Constraint,640.71,33.77150391,-118.1004734
287,ALBERHILL,3350,89000000,Etiwanda-Rancho Vista Constraint,674.2,33.734235,-117.411747
288,SAN LUIS REY,2201,210600000,Talega 230 kV constraint,679.03,33.21141329,-117.3344571
289,EL SEGUNDO,800,28000000,Hinson - Del Amo Constraint,802.37,33.90847964,-118.4231253
290,CHEVMAIN,800,28000000,Hinson - Del Amo Constraint,832.75,33.90269952,-118.4019889
291,GOULD,0,0,SCE Metro Area Default Constraint,902.19,34.22158736,-118.1870653
292,HINSON,800,28000000,Hinson - Del Amo Constraint,1073.92,33.81929087,-118.2224872
293,CENTER,1058,11000000,Del Amo - Barre Area Constraint,1076.11,33.92888478,-118.1059118
294,JOHANNA,0,0,SCE Metro Area Default Constraint,1103.54,33.71342264,-117.852626
295,LA CIENEGA,800,28000000,Hinson - Del Amo Constraint,1119.52,34.0007949,-118.3784015
296,EL NIDO (SCE),800,28000000,Hinson - Del Amo Constraint,1318.13,33.8959709,-118.3729894
297,PADUA,0,0,SCE Metro Area Default Constraint,1377.64,34.12020534,-117.6393736
298,REDONDO,800,28000000,Hinson - Del Amo Constraint,1399.32,33.84826905,-118.3879624
299,OLINDA,0,0,SCE Metro Area Default Constraint,1415.38,33.9460606,-117.92227
300,RIO HONDO,1058,11000000,Del Amo - Barre Area Constraint,1422.43,34.1056574,-117.9802409
301,LEWIS,0,0,SCE Metro Area Default Constraint,2097.56,33.80954084,-117.898952
302,SANTIAGO,0,0,SCE Metro Area Default Constraint,2254.39,33.66466792,-117.7679976
303,MANNING,16891,940000000,Midway-Q2005 230kV Line,2286.74,36.623295,-120.58289
304,ELLIS (SCE),0,0,SCE Metro Area Default Constraint,2303.19,33.68580576,-117.9431136
305,LA FRESA,800,28000000,Hinson - Del Amo Constraint,2350,33.86967226,-118.3331137
306,LIGHTPIPE,800,28000000,Hinson - Del Amo Constraint,2367.97,33.881267,-118.16124
307,LAGUNA BELL,1058,11000000,Del Amo - Barre Area Constraint,2578.2,33.97607743,-118.1477004
308,VINCENT,1800,660000000,Pardee-Sylmar Constraint,2662.19,34.48629958,-118.1180661
309,BARRE,0,0,SCE Metro Area Default Constraint,2694.69,33.80909589,-117.9833348
310,DEL AMO,800,28000000,Hinson - Del Amo Constraint,2704.27,33.84822318,-118.0971738
311,RANCHO VISTA,0,0,SCE Metro Area Default Constraint,2792.06,34.08807132,-117.5332876
312,VILLA PARK,0,0,SCE Metro Area Default Constraint,2985.7,33.81552513,-117.8344129
313,CHINO,0,0,SCE Metro Area Default Constraint,3000,33.99802136,-117.6784712
314,MIRA LOMA (SCE),0,0,SCE Metro Area Default Constraint,3000,34.00833767,-117.5642853
315,SAN ONOFRE,556,103366000,Trabuco-Capistrano 138 kV constraint,3000,33.36944258,-117.5535743
316,SERRANO,0,0,SCE Metro Area Default Constraint,3000,33.82926372,-117.7893716
