IDX,Station,Inc,Cost,Constraint_original,Availability,LATITUDE,LONGITUDE,station_increment,capacity_additions,projects_built
0,7TH STANDARD,16891,9.4e8,Midway-Q2005 230kV Line,0.0,35.439607,-119.130998,-0.0,0.0,
1,ALPAUGH,16891,9.4e8,Midway-Q2005 230kV Line,0.0,35.96334744,-119.4568173,40.0,40.0,Solar: Angela Solar Project
2,ALPINE,431,6.71054e8,Miguel 69 kV constraint,0.0,32.82773375,-116.7899086,0.0,0.0,
3,ARCO (PGE),16891,9.4e8,Midway-Q2005 230kV Line,0.0,35.77560246,-119.9134763,504.9,504.9,Solar: Chalan; Solar: Pelicans Jaw Hybrid Solar
4,ASHLAN AVE,0,0.0,Moss Landing-Las Aguilas 230 kV Line,0.0,36.79278344,-119.8280253,0.0,0.0,
5,ATLANTIC,574,0.0,Rio Oso-Brighton 230kV line,0.0,38.76349077,-121.263943,0.0,0.0,
6,BAHIA,1766,7.0e8,Birds Landing-Contra Costa 230kV Line,0.0,38.08092514,-122.1373611,0.0,0.0,
7,BAILEY,2000,1.0e8,Antelope-Neenach Constraint,0.0,34.77647374,-118.7744353,0.0,0.0,
8,BAKERSFIELD,16891,9.4e8,Midway-Q2005 230kV Line,0.0,35.38749714,-119.0044816,15412.8,0.0,
9,BEATTTY,1367,3.791300305e8,VEA 138kV area constraint,0.0,36.544365,-116.463194,0.0,0.0,
10,BELDEN,707,1.25e8,Rocklin-Pleaseant grove 115kV line,0.0,40.0074534,-121.2507257,0.0,0.0,
11,BOGUE,109,9.329e6,Woodland- Davis 115kV line,0.0,39.09590648,-121.6239738,0.0,0.0,
12,BORDEN,0,0.0,Moss Landing-Las Aguilas 230 kV Line,0.0,36.92214939,-119.9845031,0.0,0.0,
13,BRENT,6034,4.17332e8,Windmaster-Delta pumps 230 kV line,0.0,37.91901726,-121.6767877,0.0,0.0,
14,BRIGHTON,8645,2.851848e9,Vaca Dixon-Tesla 500kV Line,0.0,38.54821672,-121.4078353,0.0,0.0,
15,CABRILLO (PGE),784,1.5e8,Midway 230/115kV TB #3,0.0,32.7074726,-117.245084,0.0,0.0,
16,CAL FLATS,16891,9.4e8,Midway-Q2005 230kV Line,0.0,35.864002,-120.310925,0.0,0.0,
17,CALIENTE,16891,9.4e8,Midway-Q2005 230kV Line,0.0,35.37899068,-119.9170477,0.0,0.0,
18,CALLENDER,16891,9.4e8,Midway-Q2005 230kV Line,0.0,35.04694458,-120.5861898,0.0,0.0,
19,CARBERRY,8645,2.851848e9,Vaca Dixon-Tesla 500kV Line,0.0,40.85918576,-121.7528676,0.0,0.0,
20,CASTRO VALLEY,6034,4.17332e8,Windmaster-Delta pumps 230 kV line,0.0,37.69140915,-122.0611906,0.0,0.0,
21,CAYETANO,6034,4.17332e8,Windmaster-Delta pumps 230 kV line,0.0,37.73861432,-121.7710098,0.0,0.0,
22,CHARCA,637,7.6e8,Semitropic-Midway 115kV Line,0.0,35.60823658,-119.3252,0.0,0.0,
23,CHARLESTON PARK,1285,3.563877756e8,GLW 230kV area constraint,0.0,36.197622,-116.105,0.0,0.0,
24,CHICARITA,936,2.595945198e8,Internal San Diego Area constraint,0.0,32.958287,-117.108885,0.0,0.0,
25,CHOWCHILLA,16891,9.4e8,Midway-Q2005 230kV Line,0.0,37.12070819,-120.250748,-0.0,0.0,
26,CHRISTIE,6034,4.17332e8,Windmaster-Delta pumps 230 kV line,0.0,38.00283333,-122.208258,0.0,0.0,
27,CLOVERDALE,1766,7.0e8,Birds Landing-Contra Costa 230kV Line,0.0,38.79712201,-123.0102504,0.0,0.0,
28,COBURN,0,0.0,Moss Landing-Las Aguilas 230 kV Line,0.0,36.26523967,-121.1458637,0.0,0.0,
29,COLORADO RIVER,5000,1.386722862e9,Devers-Red Bluff Constraint,0.0,33.58089849,-114.8171807,0.0,0.0,
30,CONTRA COSTA POWER,6034,4.17332e8,Windmaster-Delta pumps 230 kV line,0.0,38.01525795,-121.7622225,0.0,0.0,
31,CONTROL,186,3.29e8,Control to Inyokern area constraint,0.0,37.33594572,-118.4811481,0.0,0.0,
32,COOL WATER,1206,3.344775543e8,Kramer to Victor Area Constraint,0.0,34.86319776,-116.8541777,182.0,182.0,Solar: Daggett 2
33,CORCORAN,0,0.0,Moss Landing-Las Aguilas 230 kV Line,0.0,36.10943983,-119.5571964,0.0,0.0,
34,CORONA (PGE),861,0.0,Lakeville-Ignacio 230 kV line,0.0,38.26506019,-122.657312,0.0,0.0,
35,CORTINA,1766,7.0e8,Birds Landing-Contra Costa 230kV Line,0.0,39.12057489,-122.2234251,0.0,0.0,
36,COTTLE,2019,0.0,Panoche- Mendota 115 kV line,0.0,37.77265525,-120.8263678,2019.0,0.0,
37,CREELMAN,431,6.71054e8,Miguel 69 kV constraint,0.0,33.01805902,-116.8530307,0.0,0.0,
38,DAIRYLAND,358,1.25e8,Merced 115/70kV TB#2,0.0,37.05489655,-120.3167696,0.0,0.0,
39,DAVIS (PGE),109,9.329e6,Woodland- Davis 115kV line,0.0,38.54519129,-121.7341065,0.0,0.0,
40,DELEVAN,1766,7.0e8,Birds Landing-Contra Costa 230kV Line,0.0,39.36840805,-122.2693177,0.0,0.0,
41,DESERT VIEW,1285,3.563877756e8,GLW 230kV area constraint,0.0,36.304525,-115.533555,0.0,0.0,
42,DIABLO CANYON,4125,8.3e8,Diabloâ€“Gates 500 kV line,0.0,35.2163749,-120.8472688,0.0,0.0,
43,DRUM,480,1.85e8,Bell-Placer 115kV Line,0.0,39.25675761,-120.7667838,0.0,0.0,
44,DUMBARTON,978,2.712429918e8,Dumbarton-Newark 115 kV line,0.0,37.55706823,-122.057873,0.0,0.0,
45,EAGLE ROCK (PGE),1766,7.0e8,Birds Landing-Contra Costa 230kV Line,0.0,38.82897905,-122.8100864,0.0,0.0,
46,EAST NICOLAUS,109,9.329e6,Woodland- Davis 115kV line,0.0,38.90973397,-121.5424835,0.0,0.0,
47,EASTSHORE,548,0.0,Eastshore-San Mateo 230 kV line,0.0,37.62511419,-122.1165693,0.0,0.0,
48,EAST COUNTY,2823,7.82943728e8,East of Miguel constraint,0.0,32.6272724,-116.1178761,0.0,0.0,
49,EDES,290,1.25e8,Grant - Eastshore #2 line 115 kV,0.0,37.73868387,-122.1938003,0.0,0.0,
50,EL CAJON,431,6.71054e8,Miguel 69 kV constraint,0.0,32.79525278,-116.9727194,0.0,0.0,
51,ELLIOTT,936,2.595945198e8,Internal San Diego Area constraint,0.0,32.8158917,-117.0884865,0.0,0.0,
52,ENCINA,746,2.06899051e8,Encina - San Luis Rey 230 kV constraint,0.0,33.13723028,-117.3354712,0.0,0.0,
53,ESCONDIDO,936,2.595945198e8,Internal San Diego Area constraint,0.0,33.125878,-117.1166659,0.0,0.0,
54,EXCELSIOR,0,0.0,Moss Landing-Las Aguilas 230 kV Line,0.0,36.427716,-120.386337,0.0,0.0,
55,EXCHEQUER,0,0.0,Moss Landing-Las Aguilas 230 kV Line,0.0,37.58422176,-120.2725809,0.0,0.0,
56,FAMOSO,637,7.6e8,Semitropic-Midway 115kV Line,0.0,35.60510349,-119.2035329,0.0,0.0,
57,FIG GARDEN,0,0.0,Moss Landing-Las Aguilas 230 kV Line,0.0,36.82182409,-119.8587935,0.0,0.0,
58,FULTON (PGE),1766,7.0e8,Birds Landing-Contra Costa 230kV Line,0.0,38.49766912,-122.7606937,0.0,0.0,
59,GAMEBIRD,1285,3.563877756e8,GLW 230kV area constraint,0.0,36.005575,-115.60564,0.0,0.0,
60,GATES,16891,9.4e8,Midway-Q2005 230kV Line,0.0,36.14232775,-120.1287522,275.0,275.0,"Solar: Sand Luis West; Solar: Fifth Standard Solar PV, LLC (Hybrid)"
61,GEYSERS 3,1766,7.0e8,Birds Landing-Contra Costa 230kV Line,0.0,38.80570019,-122.8149473,0.0,0.0,
62,GLENN (PGE),1766,7.0e8,Birds Landing-Contra Costa 230kV Line,0.0,39.77781273,-122.1427555,0.0,0.0,
63,GOLD HILL,707,1.25e8,Rocklin-Pleaseant grove 115kV line,0.0,38.65755743,-121.1368329,0.0,0.0,
64,GOLETA,2000,4.358e9,South of Magunden Constraint,0.0,34.46920287,-119.8844193,0.0,0.0,
65,GRANT,6034,4.17332e8,Windmaster-Delta pumps 230 kV line,0.0,37.6714782,-122.1596296,0.0,0.0,
66,GREGG,0,0.0,Moss Landing-Las Aguilas 230 kV Line,0.0,36.85330295,-119.9170035,0.0,0.0,
67,GRIMMWAY-MALAGA,637,7.6e8,Semitropic-Midway 115kV Line,0.0,35.24731208,-118.8609024,0.0,0.0,
68,GWF 2,0,0.0,Moss Landing-Las Aguilas 230 kV Line,0.0,38.01604449,-121.8607166,0.0,0.0,
69,HELM,0,0.0,Moss Landing-Las Aguilas 230 kV Line,0.0,36.59162546,-120.176288,0.0,0.0,
70,HENRIETTA,0,0.0,Moss Landing-Las Aguilas 230 kV Line,0.0,36.24213087,-119.9028224,0.0,0.0,
71,HERNDON,0,0.0,Moss Landing-Las Aguilas 230 kV Line,0.0,36.84478476,-119.9221845,0.0,0.0,
72,HIGGINS,574,0.0,Rio Oso-Brighton 230kV line,0.0,39.04389408,-121.0907025,0.0,0.0,
73,HOPLAND,50,5.0e7,Cortina-Eagle Rock 115 kV line,0.0,38.97281703,-123.0811094,0.0,0.0,
74,IGNACIO,50,5.0e7,Cortina-Eagle Rock 115 kV line,0.0,38.07742858,-122.5409276,0.0,0.0,
75,IMPERIAL VALLEY,2823,7.82943728e8,East of Miguel constraint,0.0,32.71761928,-115.7155325,0.0,0.0,
76,INNOVATION,1285,3.563877756e8,GLW 230kV area constraint,0.0,36.58936,-116.107721,0.0,0.0,
77,INYOKERN,186,3.29e8,Control to Inyokern area constraint,0.0,35.65256911,-117.7958411,0.0,0.0,
78,IVANPAH,6800,2.165e9,Lugo - Victorville area constraint,0.0,35.54436013,-115.4689045,0.0,0.0,
79,JESSUP,8645,2.851848e9,Vaca Dixon-Tesla 500kV Line,0.0,40.46175716,-122.3277823,0.0,0.0,
80,JULIAN HINDS,600,1.182e9,Eagle Mountain Constraint,0.0,33.70458009,-115.6265864,0.0,0.0,
81,KEARNEY,16891,9.4e8,Midway-Q2005 230kV Line,0.0,32.83281863,-117.131872,0.0,0.0,
82,KELSO,6034,4.17332e8,Windmaster-Delta pumps 230 kV line,0.0,37.79745501,-121.6033002,0.0,0.0,
83,KERN OIL,637,7.6e8,Semitropic-Midway 115kV Line,0.0,35.44067972,-119.0205374,0.0,0.0,
84,KERN,16891,9.4e8,Midway-Q2005 230kV Line,0.0,35.37940395,-119.0970861,0.0,0.0,
85,KIRKER,978,2.712429918e8,Dumbarton-Newark 115 kV line,0.0,38.02083912,-121.9059108,0.0,0.0,
86,KRAMER,1206,3.344775543e8,Kramer to Victor Area Constraint,0.0,34.98913933,-117.5425031,415.0,415.0,Solar: Aratina Solar Center 1B; Solar: Resurgence Solar; Battery: Aratina Solar Center 1 Hybrid
87,LAKEVIEW,16891,9.4e8,Midway-Q2005 230kV Line,0.0,35.09416069,-119.1010712,542.0,542.0,"Solar: Northern Orchard Solar PV, LLC; Solar: Sandrini Solar 200; Solar: Sandrini Solar 100; Battery: Northern Orchard Solar PV, LLC"
88,LAKEVILLE,861,0.0,Lakeville-Ignacio 230 kV line,0.0,38.25090716,-122.5812294,0.0,0.0,
89,LAMBIE,1766,7.0e8,Birds Landing-Contra Costa 230kV Line,0.0,38.22142226,-121.8669673,0.0,0.0,
90,LAMONT,16891,9.4e8,Midway-Q2005 230kV Line,0.0,35.29687891,-118.86144,5.7,5.7,Gas: Berry Cogen Pan Fee
91,LAS AGUILAS,0,0.0,Moss Landing-Las Aguilas 230 kV Line,0.0,36.769902,-121.306579,0.0,0.0,
92,LATHROP,1367,3.791300305e8,VEA 138kV area constraint,0.0,36.653826,-116.396571,0.0,0.0,
93,LE GRAND,0,0.0,Moss Landing-Las Aguilas 230 kV Line,0.0,37.18493674,-120.2739328,0.0,0.0,
94,LERDO,637,7.6e8,Semitropic-Midway 115kV Line,0.0,35.50035218,-119.1519621,0.0,0.0,
95,LINCOLN (PGE),109,9.329e6,Woodland- Davis 115kV line,0.0,38.9005354,-121.2941438,0.0,0.0,
96,LLAGAS,712,3.8e8,Morganhill-Metcalf 115kV Line,0.0,37.00726767,-121.5573085,0.0,0.0,
97,LOGAN CREEK,1766,7.0e8,Birds Landing-Contra Costa 230kV Line,0.0,39.53951651,-122.2629945,0.0,0.0,
98,LONE TREE,6034,4.17332e8,Windmaster-Delta pumps 230 kV line,0.0,37.94614381,-121.7598214,0.0,0.0,
99,LOS ESTEROS,348,9.651591121e7,Los Esteros-Silicon Valley 230 kV,0.0,37.42737416,-121.9329426,0.0,0.0,
100,LAS POSITAS,6034,4.17332e8,Windmaster-Delta pumps 230 kV line,0.0,37.70076474,-121.7333187,0.0,0.0,
101,LOVELAND,431,6.71054e8,Miguel 69 kV constraint,0.0,32.7969521,-116.7922452,0.0,0.0,
102,MADISON (PGE),1766,7.0e8,Birds Landing-Contra Costa 230kV Line,0.0,38.67068357,-121.9693039,0.0,0.0,
103,MAGUNDEN,2000,4.358e9,South of Magunden Constraint,0.0,35.36114799,-118.9219285,0.0,0.0,
104,MANTECA,1255,1.7e9,Kasson Jct-Heinz 115 kV line,0.0,37.80126059,-121.2239269,0.0,0.0,
105,MARTIN,653,0.0,Sobrante-Moraga 230 kV line,0.0,37.70370627,-122.4094698,0.0,0.0,
106,MARTINEZ,978,2.712429918e8,Dumbarton-Newark 115 kV line,0.0,38.01494692,-122.116201,0.0,0.0,
107,MCCALL,16891,9.4e8,Midway-Q2005 230kV Line,0.0,36.61080379,-119.6390908,0.0,0.0,
108,MENDOCINO,1766,7.0e8,Birds Landing-Contra Costa 230kV Line,0.0,39.25055841,-123.1964376,0.0,0.0,
109,MENDOTA,0,0.0,Moss Landing-Las Aguilas 230 kV Line,0.0,36.72037815,-120.4587946,0.0,0.0,
110,MERCED (PGE),16891,9.4e8,Midway-Q2005 230kV Line,0.0,37.27331164,-120.487316,0.0,0.0,
111,MESA (N),16891,9.4e8,Midway-Q2005 230kV Line,0.0,35.00857958,-120.4530486,-0.0,0.0,
112,MESA (SCE),1058,1.1e7,Del Amo - Barre Area Constraint,0.0,34.03704643,-118.1103667,0.0,0.0,
113,MIDWAY,8379,2.14062e8,Gates-Panoche 230 kV #1 and #2 Lines,0.0,35.40387474,-119.4521684,0.0,0.0,
114,MIDWAY,8379,2.14062e8,Gates-Panoche 230 kV #1 and #2 Lines,0.0,33.19239546,-115.4344033,0.0,0.0,
115,MIGUEL,431,6.71054e8,Miguel 69 kV constraint,0.0,32.6796375,-116.9841846,0.0,0.0,
116,MIRAGE,5000,1.386722862e9,Devers-Red Bluff Constraint,0.0,33.81844345,-116.3697227,0.0,0.0,
117,MISSION,936,2.595945198e8,Internal San Diego Area constraint,0.0,32.78390712,-117.1371831,0.0,0.0,
118,MOHAVE,6800,2.165e9,Lugo - Victorville area constraint,0.0,35.144827,-114.553482,0.0,0.0,
119,MOORPARK,2000,4.358e9,South of Magunden Constraint,0.0,34.28085446,-118.9031741,0.0,0.0,
120,MORAGA,6034,4.17332e8,Windmaster-Delta pumps 230 kV line,0.0,37.84789177,-122.1606837,0.0,0.0,
121,MORGAN HILL,712,3.8e8,Morganhill-Metcalf 115kV Line,0.0,37.12666908,-121.6589153,0.0,0.0,
122,MORRO BAY,16891,9.4e8,Midway-Q2005 230kV Line,0.0,35.37339038,-120.8551307,0.0,0.0,
123,MUSTANG,0,0.0,Moss Landing-Las Aguilas 230 kV Line,0.0,36.255598,-119.887776,0.0,0.0,
124,NEWARK,653,0.0,Sobrante-Moraga 230 kV line,0.0,37.50072034,-121.985682,653.0,0.0,
125,NORTH CITY WEST,936,2.595945198e8,Internal San Diego Area constraint,0.0,32.95874734,-117.2207141,0.0,0.0,
126,NORTH DUBLIN,6034,4.17332e8,Windmaster-Delta pumps 230 kV line,0.0,37.74488621,-121.8578867,0.0,0.0,
127,OAKLAND C,6034,4.17332e8,Windmaster-Delta pumps 230 kV line,0.0,37.79791977,-122.2820704,0.0,0.0,
128,OAKLAND I,8645,2.851848e9,Vaca Dixon-Tesla 500kV Line,0.0,37.7975518,-122.280834,0.0,0.0,
129,OCEANO,784,1.5e8,Midway 230/115kV TB #3,0.0,35.10152776,-120.5811507,0.0,0.0,
130,OCOTILLO,2823,7.82943728e8,East of Miguel constraint,0.0,32.737412,-116.004962,0.0,0.0,
131,OLD TOWN,746,2.06899051e8,Encina - San Luis Rey 230 kV constraint,0.0,32.76611049,-117.1922795,0.0,0.0,
132,OLIVE,16891,9.4e8,Midway-Q2005 230kV Line,0.0,34.30784674,-118.4505666,0.0,0.0,
133,OTAY,431,6.71054e8,Miguel 69 kV constraint,0.0,32.59531954,-117.0578292,0.0,0.0,
134,OTAY MESA,4754,2.9971e7,Silvergate - Bay Blvd 230 kV constraint,0.0,32.57406801,-116.9113836,4754.0,340.6,Solar: Amazon SAN3 Solar Project; Gas: Pio Pico Energy Center
135,PADRE FLATS,0,0.0,Moss Landing-Las Aguilas 230 kV Line,0.0,36.022522,-121.177571,0.0,0.0,
136,PAHRUMP,1367,3.791300305e8,VEA 138kV area constraint,0.0,36.210854,-115.977461,0.0,0.0,
137,PALA,692,2.83e7,Ocean Ranch 69 kV constraint,0.0,33.355857,-117.112315,0.0,0.0,
138,PALERMO,707,1.25e8,Rocklin-Pleaseant grove 115kV line,0.0,39.45426599,-121.5178598,0.0,0.0,
139,PALOMAR,936,2.595945198e8,Internal San Diego Area constraint,0.0,33.12287041,-117.2879398,0.0,0.0,
140,PANOCHE,16891,9.4e8,Midway-Q2005 230kV Line,0.0,36.65333066,-120.5823862,0.0,0.0,
141,PARDEE (SCE),2000,4.358e9,South of Magunden Constraint,0.0,34.43976899,-118.5817125,0.0,0.0,
142,PARKWAY,6034,4.17332e8,Windmaster-Delta pumps 230 kV line,0.0,38.493819,-121.4526036,0.0,0.0,
143,PASTORIA,2000,1.0e8,Antelope-Neenach Constraint,0.0,34.93534855,-118.8429363,0.0,0.0,
144,PEABODY,1766,7.0e8,Birds Landing-Contra Costa 230kV Line,0.0,38.28543602,-121.9705054,0.0,0.0,
145,PEASE,707,1.25e8,Rocklin-Pleaseant grove 115kV line,0.0,39.16997119,-121.6612033,0.0,0.0,
146,PENASQUITOS,746,2.06899051e8,Encina - San Luis Rey 230 kV constraint,0.0,32.91704603,-117.2192968,0.0,0.0,
147,PISGAH,1046,2.39e8,Calcite to Lugo Area Constraint,0.0,34.78155985,-116.3847412,0.0,0.0,
148,PIT 1,26,1.8e8,Carberry-Round Mountain 230kV Line,0.0,40.99122753,-121.4978619,0.0,0.0,
149,ROUND MOUNTAIN,26,1.8e8,Carberry-Round Mountain 230kV Line,0.0,40.80800054,-121.9356245,0.0,0.0,
150,PITTSBURG,6034,4.17332e8,Windmaster-Delta pumps 230 kV line,0.0,38.03696944,-121.8967951,0.0,0.0,
151,PLEASANT GROVE,574,0.0,Rio Oso-Brighton 230kV line,0.0,38.82272822,-121.3082446,574.0,0.0,
152,POINT LOMA,936,2.595945198e8,Internal San Diego Area constraint,0.0,32.74143976,-117.23342,0.0,0.0,
153,POMERADO,936,2.595945198e8,Internal San Diego Area constraint,0.0,32.94131718,-117.0328014,0.0,0.0,
154,PRIMM,6800,2.165e9,Lugo - Victorville area constraint,0.0,35.616496,-115.362764,0.0,0.0,
155,PUTAH CREEK,1766,7.0e8,Birds Landing-Contra Costa 230kV Line,0.0,38.5230576,-121.9944259,0.0,0.0,
156,RECTOR,2000,4.358e9,South of Magunden Constraint,0.0,36.30387459,-119.2443213,0.0,0.0,
157,RED BLUFF,5000,1.386722862e9,Devers-Red Bluff Constraint,0.0,33.69874273,-115.3116675,0.0,0.0,
158,RICHMOND Q,6034,4.17332e8,Windmaster-Delta pumps 230 kV line,0.0,37.92617516,-122.3695789,0.0,0.0,
159,RIO OSO,109,9.329e6,Woodland- Davis 115kV line,0.0,38.93519967,-121.4667925,0.0,0.0,
160,ROSSMOOR,6034,4.17332e8,Windmaster-Delta pumps 230 kV line,0.0,37.8646817,-122.0804418,0.0,0.0,
161,ROUND MOUNTAIN,8645,2.851848e9,Vaca Dixon-Tesla 500kV Line,0.0,40.80800054,-121.9356245,0.0,0.0,
162,SALT CREEK,431,6.71054e8,Miguel 69 kV constraint,0.0,32.6284,-116.933075,0.0,0.0,
163,SAN LEANDRO U,290,1.25e8,Grant - Eastshore #2 line 115 kV,0.0,37.7105722,-122.1486701,0.0,0.0,
164,SAN LUIS OBISPO,784,1.5e8,Midway 230/115kV TB #3,0.0,35.26168261,-120.6348902,0.0,0.0,
165,SAN PABLO,290,1.25e8,Grant - Eastshore #2 line 115 kV,0.0,37.98522446,-122.3368175,0.0,0.0,
166,SAN RAMON,6034,4.17332e8,Windmaster-Delta pumps 230 kV line,0.0,37.74492955,-121.9364113,0.0,0.0,
167,SANDLOT,1206,3.344775543e8,Kramer to Victor Area Constraint,0.0,34.99708326,-117.3031575,389.8,389.8,"Solar: Desert Breeze Solar, LLC; Solar: Lockhart Solar PV IV, LLC; Solar: Lockhart Solar PV, LLC; Solar: Lockhart Solar PV II"
168,SANDY VALLEY,1285,3.563877756e8,GLW 230kV area constraint,0.0,36.033659,-115.387648,0.0,0.0,
169,SANGER,16891,9.4e8,Midway-Q2005 230kV Line,0.0,36.70730241,-119.6107512,-0.0,0.0,
170,SANTA CLARA,2000,4.358e9,South of Magunden Constraint,0.0,34.30232428,-119.1853321,0.0,0.0,
171,SANTA ROSA,861,0.0,Lakeville-Ignacio 230 kV line,0.0,37.63492167,-120.979524,0.0,0.0,
172,SANTEE (SDGE),936,2.595945198e8,Internal San Diego Area constraint,0.0,32.85439899,-116.9683756,0.0,0.0,
173,SCHINDLER,0,0.0,Moss Landing-Las Aguilas 230 kV Line,0.0,36.40207597,-120.1385628,0.0,0.0,
174,SEMITROPIC,16891,9.4e8,Midway-Q2005 230kV Line,0.0,35.60079937,-119.4375746,-0.0,0.0,
175,SHADOWRIDGE,936,2.595945198e8,Internal San Diego Area constraint,0.0,33.14145621,-117.2388333,0.0,0.0,
176,SHAFTER,16891,9.4e8,Midway-Q2005 230kV Line,0.0,35.51394301,-119.3175207,-0.0,0.0,
177,SILVERADO,50,5.0e7,Cortina-Eagle Rock 115 kV line,0.0,38.49982361,-122.4592018,0.0,0.0,
178,SILVERGATE,936,2.595945198e8,Internal San Diego Area constraint,0.0,32.694643,-117.143575,0.0,0.0,
179,SISQUOC,784,1.5e8,Midway 230/115kV TB #3,0.0,34.87850521,-120.3306862,-0.0,0.0,
180,SLOAN CANYON,1285,3.563877756e8,GLW 230kV area constraint,0.0,35.497393,-115.041205,0.0,0.0,
181,SMYRNA,16891,9.4e8,Midway-Q2005 230kV Line,0.0,35.71791833,-119.4553564,0.0,0.0,
182,SOBRANTE,6034,4.17332e8,Windmaster-Delta pumps 230 kV line,0.0,37.90565009,-122.2084971,0.0,0.0,
183,SOLAR,16891,9.4e8,Midway-Q2005 230kV Line,0.0,35.38225486,-120.0598999,0.0,0.0,
184,SPRINGVILLE,2000,4.358e9,South of Magunden Constraint,0.0,36.10795523,-118.9380761,0.0,0.0,
185,STOCKDALE,16891,9.4e8,Midway-Q2005 230kV Line,0.0,35.3170815,-119.067683,0.0,0.0,
186,SUNCREST,700,1.0e8,Chicarita 138 kV constraint,0.0,32.80835987,-116.6832914,0.0,0.0,
187,CRESTWOOD,2823,7.82943728e8,East of Miguel constraint,0.0,32.69900529,-116.3537982,0.0,0.0,
188,SYCAMORE CANYON,700,1.0e8,Chicarita 138 kV constraint,0.0,32.91763164,-117.0307143,0.0,0.0,
189,TABLE MT.,8645,2.851848e9,Vaca Dixon-Tesla 500kV Line,0.0,39.55512789,-121.6447972,0.0,0.0,
190,TAFT,16891,9.4e8,Midway-Q2005 230kV Line,0.0,35.13602218,-119.4820001,0.0,0.0,
191,TASSAJARA,6034,4.17332e8,Windmaster-Delta pumps 230 kV line,0.0,37.80003483,-121.9077024,0.0,0.0,
192,TEMBLOR,784,1.5e8,Midway 230/115kV TB #3,0.0,35.38275365,-119.6962081,0.0,0.0,
193,TEMPLETON,16891,9.4e8,Midway-Q2005 230kV Line,0.0,35.55520012,-120.6804021,0.0,0.0,
194,TEVIS,16891,9.4e8,Midway-Q2005 230kV Line,0.0,35.3194766,-119.1288705,-0.0,0.0,
195,TORTILLA,1206,3.344775543e8,Kramer to Victor Area Constraint,0.0,34.86319211,-117.030916,0.0,0.0,
196,CRAZY EYES,1285,3.563877756e8,GLW 230kV area constraint,0.0,36.13437,-115.743082,0.0,0.0,
197,TULUCAY,861,0.0,Lakeville-Ignacio 230 kV line,0.0,38.24787312,-122.2679463,861.0,24.5,Solar: Dynamo Solar LLC
198,TUPMAN,16891,9.4e8,Midway-Q2005 230kV Line,0.0,35.35407906,-119.2707276,0.0,0.0,
199,UKIAH,50,5.0e7,Cortina-Eagle Rock 115 kV line,0.0,39.14419026,-123.1980534,0.0,0.0,
200,VACA-DIXON,16891,9.4e8,Midway-Q2005 230kV Line,0.0,38.40101426,-121.9207606,0.0,0.0,
201,VALLEY (VEA),1367,3.791300305e8,VEA 138kV area constraint,0.0,34.18594776,-118.3473241,0.0,0.0,
202,VALLEY SWITCH,1367,3.791300305e8,VEA 138kV area constraint,0.0,36.567509,-116.387685,0.0,0.0,
203,VESTAL,2000,4.358e9,South of Magunden Constraint,0.0,35.8417458,-119.0847234,0.0,0.0,
204,VINEYARD,6034,4.17332e8,Windmaster-Delta pumps 230 kV line,0.0,37.66975268,-121.8544476,0.0,0.0,
205,VISTA (VEA),1367,3.791300305e8,VEA 138kV area constraint,0.0,36.47974,-115.873583,0.0,0.0,
206,WEST FRESNO,16891,9.4e8,Midway-Q2005 230kV Line,0.0,36.71831777,-119.8187466,110.6,110.6,Gas: Acid (CAISO)
207,WEST PARK,637,7.6e8,Semitropic-Midway 115kV Line,0.0,35.37408196,-119.0402296,0.0,0.0,
208,WHEELER RIDGE,16891,9.4e8,Midway-Q2005 230kV Line,0.0,35.08906472,-118.9763096,0.0,0.0,
209,WILSON,16891,9.4e8,Midway-Q2005 230kV Line,0.0,37.29282854,-120.4073943,0.0,0.0,
210,WINDHUB,2500,6.12e8,Windhub Constraint,0.0,35.03503854,-118.2807321,2500.0,2498.5,Solar: Bellefield Solar and Energy Storage Farm; Solar: Bellefield 2 Solar & Energy Storage Farm; Solar: Syracuse and Tours Renewable Energy; Solar: Edwards Sanborn E1A; Solar: Edwards Sanborn S1; Wind: Tehachapi Wind Resource II; Wind: Sky River Wind Energy Center; Wind: 85 A; Wind: 85 B; Wind: Point Wind; Wind: Oasis Alta; Wind: CalPorlland Company Mojave Wind; Battery: Bellefield 2 Solar & Energy Storage Farm; Battery: Bellefield Solar and Energy Storage Farm; Battery: Sagebrush Solar 2 ESS 40
211,WYANDOTTE,707,1.25e8,Rocklin-Pleaseant grove 115kV line,0.0,39.49160901,-121.5409682,0.0,0.0,
212,BOULEVARD,4754,2.9971e7,Silvergate - Bay Blvd 230 kV constraint,0.0,32.66170965,-116.2732787,0.0,0.0,
213,BELLVUE,861,0.0,Lakeville-Ignacio 230 kV line,0.0,38.37891989,-122.7126931,0.0,0.0,
214,BIG CREEK 1,2000,4.358e9,South of Magunden Constraint,0.0,37.14825235,-119.3885115,0.0,0.0,
215,BIRDS LANDING,1766,7.0e8,Birds Landing-Contra Costa 230kV Line,0.0,38.1247053,-121.8301547,0.0,0.0,
216,CARIBOU,707,1.25e8,Rocklin-Pleaseant grove 115kV line,0.0,40.08604328,-121.1483807,0.0,0.0,
217,COLGATE,707,1.25e8,Rocklin-Pleaseant grove 115kV line,0.0,39.33111458,-121.1897057,0.0,0.0,
218,COTTONWOOD,26,1.8e8,Carberry-Round Mountain 230kV Line,0.0,40.393162,-122.283,0.0,0.0,
219,ELDORADO,5000,1.386722862e9,Devers-Red Bluff Constraint,0.0,38.795888,-120.592309,0.0,0.0,
220,ARTESIAN (SDGE),936,2.595945198e8,Internal San Diego Area constraint,0.0,33.024211,-117.135365,0.0,0.0,
221,COLLINSVILLE,16891,9.4e8,Midway-Q2005 230kV Line,0.0,38.080426,-121.850631,0.0,0.0,
222,FAIRWAY (PGE),16891,9.4e8,Midway-Q2005 230kV Line,0.0,40.784985,-124.212521,0.0,0.0,
223,PLACERVILLE,574,0.0,Rio Oso-Brighton 230kV line,0.0,38.901542,-121.085933,0.0,0.0,
224,THOUSANDAIRE,1285,3.563877756e8,GLW 230kV area constraint,0.0,36.13052,-115.951569,0.0,0.0,
225,WOODLAND (PGE),109,9.329e6,Woodland- Davis 115kV line,0.0,38.671837,-121.746237,0.0,0.0,
226,MI-WUK,1255,1.7e9,Kasson Jct-Heinz 115 kV line,2.08,38.05291446,-120.2171181,0.0,0.0,
227,AVOCADO,936,2.595945198e8,Internal San Diego Area constraint,5.71,33.38466007,-117.236975,0.0,0.0,
228,CROW CREEK SW STA,74,4.0e8,Salado-Crow Creek Sw Sta 60 kV line,14.15,37.46184,-121.033088,0.0,0.0,
229,SAN JOSE STA. B,712,3.8e8,Morganhill-Metcalf 115kV Line,21.94,37.34091732,-121.9017027,0.0,0.0,
230,EL PATIO,712,3.8e8,Morganhill-Metcalf 115kV Line,27.69,37.29186779,-121.9341028,0.0,0.0,
231,VIERRA,1255,1.7e9,Kasson Jct-Heinz 115 kV line,29.31,37.79788174,-121.2741958,0.0,0.0,
232,EVERGREEN (PGE),712,3.8e8,Morganhill-Metcalf 115kV Line,30.89,37.30315012,-121.8410128,0.0,0.0,
233,WEBER,460,4.0e8,Bellota-Weber 230kV line,34.73,37.91997969,-121.2403305,0.0,25.0,"Battery: Cascade Energy Storage, LLC"
234,CURTIS,1255,1.7e9,Kasson Jct-Heinz 115 kV line,35.36,37.97446695,-120.3199179,0.0,0.0,
235,RIPON,1255,1.7e9,Kasson Jct-Heinz 115 kV line,35.84,37.7557934,-121.1464864,0.0,0.0,
236,MONTA VISTA,653,0.0,Sobrante-Moraga 230 kV line,40.07,37.32408976,-122.0730733,0.0,0.0,
237,ETIWANDA,3350,8.9e7,Etiwanda-Rancho Vista Constraint,44.47,34.08898695,-117.5268557,70.0,70.0,Battery: Inland Empire Energy Storage
238,FMC,712,3.8e8,Morganhill-Metcalf 115kV Line,46.77,37.34731678,-121.9219838,0.0,0.0,
239,SCHULTE,707,1.25e8,Rocklin-Pleaseant grove 115kV line,50.09,37.739705,-121.51923,0.0,2.4,Solar: IPC 25 Solar
240,LAMMERS,1255,1.7e9,Kasson Jct-Heinz 115 kV line,51.72,37.71312747,-121.4779705,0.0,0.0,
241,GREEN VALLEY (PGE),712,3.8e8,Morganhill-Metcalf 115kV Line,53.25,36.95202198,-121.7602601,0.0,0.0,
242,VALLEY HOME,1255,1.7e9,Kasson Jct-Heinz 115 kV line,54.42,37.85642348,-120.9444414,0.0,0.0,
243,FROGTOWN,1255,1.7e9,Kasson Jct-Heinz 115 kV line,58.4,38.05713422,-120.5340177,0.0,0.0,
244,EAGLE MT,600,1.182e9,Eagle Mountain Constraint,72.21,33.81083629,-115.4537311,0.0,0.0,
245,MELONES (PGE),1255,1.7e9,Kasson Jct-Heinz 115 kV line,73.28,37.94450442,-120.5363985,0.0,0.0,
246,KASSON,70,0.0,Tesla-Salado 115 kV line,82.01,37.74580851,-121.3413566,0.0,0.0,
247,METCALF 1,712,3.8e8,Morganhill-Metcalf 115kV Line,84.74,37.230848,-121.748056,0.0,0.0,
248,SANTA TERESA,300,0.0,Tesla-Bellota 230 kV line,84.74,37.239629,-121.759175,0.0,75.0,Battery: Hummingbird Energy Storage LLC
249,SARATOGA,653,0.0,Sobrante-Moraga 230 kV line,85.3,37.28105051,-122.0153074,0.0,0.0,
250,SALADO,1255,1.7e9,Kasson Jct-Heinz 115 kV line,85.89,37.42190248,-121.147546,0.0,0.0,
251,BLYTHE,2823,7.82943728e8,East of Miguel constraint,92.43,33.60623703,-114.5997954,0.0,0.0,
252,SAN BERNARDINO,3350,8.9e7,Etiwanda-Rancho Vista Constraint,93.82,34.079877,-117.23829,0.0,4.3,Solar: IGS KSBD
253,VASONA,6034,4.17332e8,Windmaster-Delta pumps 230 kV line,97.28,37.25387911,-121.9663367,0.0,0.0,
254,PIERCY,712,3.8e8,Morganhill-Metcalf 115kV Line,111.53,37.26912196,-121.7872774,0.0,0.0,
255,HICKS,300,0.0,Tesla-Bellota 230 kV line,112.43,37.23371427,-121.9010142,300.0,0.0,
256,EL CASCO,3350,8.9e7,Etiwanda-Rancho Vista Constraint,112.99,33.96635743,-117.0774516,0.0,100.0,Battery: Beaumont BESS
257,RIVERBANK,1255,1.7e9,Kasson Jct-Heinz 115 kV line,113.44,37.76912798,-120.9080989,0.0,0.0,
258,VISTA (SCE),3350,8.9e7,Etiwanda-Rancho Vista Constraint,114.66,34.04143737,-117.3192835,2970.8100000000054,200.0,Battery: Condor Energy Storage LLC
259,TRACY (PGE),16891,9.4e8,Midway-Q2005 230kV Line,122.71,37.79888323,-121.5790798,0.0,0.0,
260,LOCKEFORD,460,4.0e8,Bellota-Weber 230kV line,168.63,38.11782092,-121.1603301,0.0,0.0,
261,VALLEY (SCE),3350,8.9e7,Etiwanda-Rancho Vista Constraint,183.84,33.73893408,-117.1566561,276.16,460.0,"Battery: Menifee Power Bank; Battery: Trestles Grid LLC; Battery: Chiquito Grid, LLC"
262,EIGHT MILE,574,0.0,Rio Oso-Brighton 230kV line,186.63,38.05878663,-121.3768386,0.0,0.0,
263,ROADWAY,1206,3.344775543e8,Kramer to Victor Area Constraint,194.48,34.57617027,-117.4132184,219.2,400.0,Solar: Hudson - High Desert Hybrid; Solar: Baldy Mesa Solar & Storage; Solar: Baldy Mesa 2_Silver Peak Hybrid; Battery: Baldy Mesa Solar & Storage; Battery: Baldy Mesa 2_Silver Peak Hybrid
264,ROADWAY,1206,3.344775543e8,Kramer to Victor Area Constraint,194.48,34.57617027,-117.4132184,0.0,0.0,
265,TRABUCO,556,1.03366e8,Trabuco-Capistrano 138 kV constraint,199.04,33.56290743,-117.6735588,0.0,0.0,
266,DEVERS,3350,8.9e7,Etiwanda-Rancho Vista Constraint,202.87,33.93907942,-116.5777334,33.02999999999457,235.9,Wind: Painted Hills Wind Park; Wind: Mountain View I & II; Wind: Coachella Hills Wind; Wind: AM Wind Repower LLC; Wind: Mesa Wind Repower
267,MOSS LANDING,16891,9.4e8,Midway-Q2005 230kV Line,208.87,36.80736089,-121.7796791,0.0,0.0,
268,BELLOTA,2019,0.0,Panoche- Mendota 115 kV line,235.3,38.01554042,-121.0137734,0.0,0.0,
269,MARGARITA,556,1.03366e8,Trabuco-Capistrano 138 kV constraint,248.08,33.54973496,-117.6280759,0.0,0.0,
270,LUGO,0,0.0,SCE Metro Area Default Constraint,262.04,34.36669147,-117.368744,0.0,0.0,
271,LUGO,1178,3.267119063e8,Lugo Transformer Area Constraint,262.04,34.36669147,-117.368744,0.0,0.0,
272,VICTOR,1221,3.386377229e8,Victor to Lugo Area Constraint,263.27,34.50431868,-117.3886273,0.0,200.0,Solar: Sienna Solar Farm
273,TESLA,831,0.0,Newark-Newark Distribution 115 kV line,270.83,37.71242814,-121.564928,831.0,434.5,Wind: Rooney Ranch; Wind: Sand Hill A; Battery: Kola Energy Center
274,RANCHO MISSION VIEJO,556,1.03366e8,Trabuco-Capistrano 138 kV constraint,290.75,33.52639923,-117.5988588,0.0,0.0,
275,DIXON LANDING,300,0.0,Tesla-Bellota 230 kV line,292.42,37.45754565,-121.9213262,0.0,0.0,
276,COYOTE,300,0.0,Tesla-Bellota 230 kV line,315.99,37.15819833,-121.6376102,0.0,0.0,
277,STANISLAUS RECOVERY,16891,9.4e8,Midway-Q2005 230kV Line,446.6,37.38596101,-121.140682,0.0,387.0,Solar: Proxima; Solar: Paulsell; Battery: Proxima; Battery: Paulsell
278,TALEGA,556,1.03366e8,Trabuco-Capistrano 138 kV constraint,486.39,33.453118,-117.571533,0.0,0.0,
279,LOS BANOS,16891,9.4e8,Midway-Q2005 230kV Line,493.75,37.0530644,-121.0216989,0.0,150.0,Solar: Zeta Solar & Storage; Battery: Zeta Solar & Storage
280,QUINTO,4931,0.0,Los Banos 500/230kV TB,493.77,37.102976,-121.0258,4931.0,40.0,Solar: Central 40
281,CAPISTRANO,556,1.03366e8,Trabuco-Capistrano 138 kV constraint,494.03,33.51252754,-117.665582,0.0,0.0,
282,WALNUT,1058,1.1e7,Del Amo - Barre Area Constraint,506.13,34.00812595,-117.9498067,0.0,0.0,
283,WHIRLWIND,1500,1.32e7,Antelope-Vincent Constraint,532.44,34.85815427,-118.4371237,1500.0,1278.0,"Solar: Rosamond South 1; Solar: Solar Star 3; Solar: RE Gaskell West 2 LLC; Solar: Camino Solar Hybrid; Solar: Rabbitbrush Solar, LLC; Solar: Chaparral Springs; Solar: BigBeau Solar, LLC; Solar: Estrella Solar & Storage; Solar: Raceway Solar & Storage; Battery: Golden Field Solar III, LLC; Battery: Chaparral Springs; Battery: AVEP BESS; Battery: Tumbleweed Energy Storage; Battery: Rosamond South 1; Battery: Raceway Solar & Storage"
284,STAGG,4931,0.0,Los Banos 500/230kV TB,540.09,37.99220639,-121.3484564,0.0,0.0,
285,ANTELOPE,2000,1.0e8,Antelope-Neenach Constraint,586.02,34.68641115,-118.2986931,0.0,51.0,"Solar: Portal Ridge Solar A, LLC; Solar: Antelope Expansion 1B; Solar: Antelope Expansion 3A"
286,ALAMITOS,800,2.8e7,Hinson - Del Amo Constraint,640.71,33.77150391,-118.1004734,800.0,725.0,Solar: BCE Seal Beach; Solar: BCE Los Alamitos 2; Solar: BCE Los Alamitos 1; Gas: Alamitos Energy Center
287,ALBERHILL,3350,8.9e7,Etiwanda-Rancho Vista Constraint,674.2,33.734235,-117.411747,0.0,0.0,
288,SAN LUIS REY,2201,2.106e8,Talega 230 kV constraint,679.03,33.21141329,-117.3344571,0.0,0.0,
289,EL SEGUNDO,800,2.8e7,Hinson - Del Amo Constraint,802.37,33.90847964,-118.4231253,0.0,0.0,
290,CHEVMAIN,800,2.8e7,Hinson - Del Amo Constraint,832.75,33.90269952,-118.4019889,0.0,0.0,
291,GOULD,0,0.0,SCE Metro Area Default Constraint,902.19,34.22158736,-118.1870653,0.0,0.0,
292,HINSON,800,2.8e7,Hinson - Del Amo Constraint,1073.92,33.81929087,-118.2224872,0.0,100.0,Battery: Cathode (Hinson) BESS
293,CENTER,1058,1.1e7,Del Amo - Barre Area Constraint,1076.11,33.92888478,-118.1059118,0.0,0.0,
294,JOHANNA,0,0.0,SCE Metro Area Default Constraint,1103.54,33.71342264,-117.852626,0.0,0.0,
295,LA CIENEGA,800,2.8e7,Hinson - Del Amo Constraint,1119.52,34.0007949,-118.3784015,0.0,0.0,
296,EL NIDO (SCE),800,2.8e7,Hinson - Del Amo Constraint,1318.13,33.8959709,-118.3729894,0.0,0.0,
297,PADUA,0,0.0,SCE Metro Area Default Constraint,1377.64,34.12020534,-117.6393736,0.0,0.0,
298,REDONDO,800,2.8e7,Hinson - Del Amo Constraint,1399.32,33.84826905,-118.3879624,0.0,0.0,
299,OLINDA,0,0.0,SCE Metro Area Default Constraint,1415.38,33.9460606,-117.92227,0.0,0.0,
300,RIO HONDO,1058,1.1e7,Del Amo - Barre Area Constraint,1422.43,34.1056574,-117.9802409,0.0,0.0,
301,LEWIS,0,0.0,SCE Metro Area Default Constraint,2097.56,33.80954084,-117.898952,0.0,1.25,Gas: AT&T Services Inc
302,SANTIAGO,0,0.0,SCE Metro Area Default Constraint,2254.39,33.66466792,-117.7679976,0.0,0.0,
303,MANNING,16891,9.4e8,Midway-Q2005 230kV Line,2286.74,36.623295,-120.58289,0.0,0.0,
304,ELLIS (SCE),0,0.0,SCE Metro Area Default Constraint,2303.19,33.68580576,-117.9431136,0.0,0.0,
305,LA FRESA,800,2.8e7,Hinson - Del Amo Constraint,2350.0,33.86967226,-118.3331137,0.0,0.0,
306,LIGHTPIPE,800,2.8e7,Hinson - Del Amo Constraint,2367.97,33.881267,-118.16124,0.0,0.0,
307,LAGUNA BELL,1058,1.1e7,Del Amo - Barre Area Constraint,2578.2,33.97607743,-118.1477004,0.0,100.0,Battery: Cald BESS
308,VINCENT,1800,6.6e8,Pardee-Sylmar Constraint,2662.19,34.48629958,-118.1180661,0.0,0.0,
309,BARRE,0,0.0,SCE Metro Area Default Constraint,2694.69,33.80909589,-117.9833348,0.0,121.0,Gas: Stanton Energy Reliability Center
310,DEL AMO,800,2.8e7,Hinson - Del Amo Constraint,2704.27,33.84822318,-118.0971738,0.0,0.0,
311,RANCHO VISTA,0,0.0,SCE Metro Area Default Constraint,2792.06,34.08807132,-117.5332876,0.0,112.5,Battery: Separator (Etiwanda) BESS
312,VILLA PARK,0,0.0,SCE Metro Area Default Constraint,2985.7,33.81552513,-117.8344129,0.0,2.2,Gas: Kaiser Permanente
313,CHINO,0,0.0,SCE Metro Area Default Constraint,3000.0,33.99802136,-117.6784712,0.0,0.0,
314,MIRA LOMA (SCE),0,0.0,SCE Metro Area Default Constraint,3000.0,34.00833767,-117.5642853,0.0,0.0,
315,SAN ONOFRE,556,1.03366e8,Trabuco-Capistrano 138 kV constraint,3000.0,33.36944258,-117.5535743,0.0,0.0,
316,SERRANO,0,0.0,SCE Metro Area Default Constraint,3000.0,33.82926372,-117.7893716,0.0,0.0,
